rmse,mae
69.39320314917654,43.008793804391054
