rmse,mae
0.04466178428091144,0.034022921703527075
