rmse,mae
0.02213378018096132,0.01570350292972897
