rmse,mae
0.024846482897726906,0.01723943693094914
