rmse,mae
0.023360545676549917,0.01701354981505353
