rmse,mae
19.455216407988463,15.856913887248325
