rmse,mae
959.0610904792426,236.18866834046167
