rmse,mae
68.86903850599737,42.060408067967735
