rmse,mae
1.611716256223583,1.1815249707438567
