rmse,mae
5.278409028381673,4.256643091284712
