rmse,mae
18.05672842923843,14.460765424028404
