rmse,mae
8.622878418829847,2.8378249138950693
