rmse,mae
9.750708548657544,6.94598540215596
