rmse,mae
22320500.710832752,3965463.7479908844
