rmse,mae
0.13978023343663284,0.09874195415173156
