rmse,mae
55.72070762744215,40.453931663401974
