rmse,mae
522.2272627790899,413.87353814715055
