rmse,mae
101.14417345261404,64.43084221029811
