rmse,mae
47.077014293122694,34.3839608926331
