rmse,mae
0.13820442463249263,0.09801512141577899
