rmse,mae
233.60975149512774,156.38963215157827
