rmse,mae
20.88699425972629,16.913027549956134
