rmse,mae
199.74160798582716,156.67609691880804
