rmse,mae
34.528412884864764,28.73610494972137
