rmse,mae
110.23772410120495,72.89668582389264
