rmse,mae
99.26689329181956,63.67970895720396
