rmse,mae
0.5426109441765369,0.09798428321993904
