rmse,mae
0.14314062273184894,0.1092682402225617
