rmse,mae
8.591637586691272,6.793393981550889
