rmse,mae
0.11871508715364773,0.030775657406253553
