rmse,mae
0.033997542769034224,0.01614037333317657
