rmse,mae
0.01880185628096381,0.014453586874621926
