rmse,mae
0.14373516708881665,0.10984276039160802
