rmse,mae
4.836745307599849,3.4379536011334326
