rmse,mae
4.239483745709993,3.533922486986432
