rmse,mae
64.11144268413562,49.245090084625595
