rmse,mae
0.035037422925311604,0.009529476713654231
