rmse,mae
8.181155092789865,2.357838600994815
