rmse,mae
53.71817848353636,40.22397373984646
