rmse,mae
0.044949783356339916,0.03440945577120415
