rmse,mae
7.442887610128528,6.065529032801324
