rmse,mae
36.15996422918178,29.110986661474385
