rmse,mae
2.0997602080936897,1.8381800287995442
