rmse,mae
44.06309671087407,32.383413973574605
