rmse,mae
526.5222711633694,406.81739121293054
