rmse,mae
0.1425674583020612,0.10925169891816226
