rmse,mae
0.13819891524216538,0.09788884619010756
