rmse,mae
5.588021617602894,4.038799978437877
