rmse,mae
74.48865104883654,47.74189182472668
