rmse,mae
8.451207728382519,2.7886956382049677
