rmse,mae
0.019134527354928592,0.006284269194104774
